#empl0yee_id#,fir$t_name,l@st_name,depart_ment,job_t1tle,hire_date,salary$,performance_scor.e,leave_bal_days,recruitment_source!,time2hire_dayz,benefits_u$ed,last_perf_review,last_salary_bump,bonus_pct
1,Megan,Johnson,I.T.,S0ftware_Eng,2023-05-27,45567.0,Good,,Company_Site,29.7,HlthIns,2024-06-18,2022-07-02,0.0
2,Katherine,Bailey,Finance,S@les_Manag3r,2022-04-01,104385.0,Average,,Company_Site,41.4,Ret.Plan,2023-01-07,2023-09-06,20.0
3,Robert,Smith,Operati0ns,HR_Coord!,2021-11-21,103472.09999999999,Good,24.0,LinkdIn,19.0,Paid_Off,2024-01-10,2023-08-03,18.0
4,Jonathan,Mccann,I.T.,Ops_Mng,2021-08-10,77354.7,Average,,Company_Site,16.0,Paid_Off,2023-12-04,2022-11-05,4.0
5,William,Fuentes,HR,I.T. Specialist,2016-07-27,64821.75,Poor,,Company_Site,39.6,Gym Mem,2024-08-09,2022-04-28,5.0
6,Richard,Jones,Customer_Support,Fin.Analyst,2019-10-28,109943.0,Average,,Company_Site,34.0,HlthIns,2024-01-21,2023-03-27,12.0
7,Kristen,Barry,S@les,Cust Support Rep,2018-09-12,171867.15000000002,Average,3.0,Refferal,30.0,HlthIns,2023-11-08,2023-05-03,15.0
8,Kevin,Clark,I.T.,Fin.Analyst,2023-06-06,70243.95,Average,,Refferal,9.9,Gym Mem,2023-12-04,2023-11-15,12.0
9,Thomas,Harris,S@les,S0ftware_Eng,2016-06-12,58858.0,Excellent,28.0,Refferal,42.900000000000006,Paid_Off,2024-06-12,2023-06-18,16.0
10,Brandy,Nunez,Eng1neering,Market1ng Spec,2016-05-30,45283.0,Good,,Agen$y,47.300000000000004,Gym Mem,2023-07-30,2022-01-24,12.0
11,Rebecca,Mays,Operati0ns,Market1ng Spec,2020-10-23,70328.5,Poor,,Refferal,42.0,HlthIns,2023-12-31,2023-11-11,8.0
12,William,Martinez,Operati0ns,Market1ng Spec,2016-04-19,37024.35,Excellent,14.0,Ind33d,26.400000000000002,Gym Mem,2024-04-19,2023-08-04,24.0
13,Juan,Smith,I.T.,Market1ng Spec,2015-11-15,72231.0,Poor,4.0,LinkdIn,37.400000000000006,HlthIns,2024-11-15,2023-01-18,12.0
14,Katelyn,Wood,Operati0ns,S@les_Manag3r,2019-06-02,90252.75,Average,,Refferal,39.0,Gym Mem,2024-04-09,2022-07-18,24.0
15,Christine,Johnson,HR,HR_Coord!,2022-01-19,43661.049999999996,Average,29.0,Agen$y,34.2,Paid_Off,2024-10-22,2023-05-08,6.0
16,John,Jacobs,I.T.,Cust Support Rep,2020-04-29,66734.85,Excellent,,Company_Site,30.800000000000004,HlthIns,2023-09-06,2023-01-28,6.0
17,Renee,Villarreal,Market1ng,I.T. Specialist,2021-09-03,32011.350000000002,Average,,LinkdIn,40.7,Paid_Off,2024-02-07,2022-01-27,4.0
18,Tonya,Lopez,I.T.,I.T. Specialist,2017-04-10,58497.2,Average,,Ind33d,14.4,HlthIns,2024-05-16,2023-01-04,24.0
19,Lisa,Rodriguez,Customer_Support,Cust Support Rep,2017-06-12,36164.0,Excellent,,Ind33d,28.8,Ret.Plan,2023-07-31,2021-12-03,18.0
20,Rachel,Cooper,Operati0ns,Cust Support Rep,2018-09-28,74435.34999999999,Average,30.0,Refferal,19.8,Ret.Plan,2023-06-03,2023-06-17,18.0
21,Kyle,Haley,HR,Cust Support Rep,2023-10-19,100036.9,Average,10.0,Refferal,61.60000000000001,Gym Mem,2024-10-30,2023-07-13,18.0
22,Jessica,Anderson,Customer_Support,Market1ng Spec,2021-05-05,84930.95,Good,,LinkdIn,47.0,Ret.Plan,2023-07-31,2023-05-05,20.0
23,Rachel,Levy,I.T.,S@les_Manag3r,2023-05-26,110083.15,Poor,,Company_Site,33.0,Ret.Plan,2024-11-18,2022-01-24,12.0
24,Gabriella,Cox,HR,Market1ng Spec,2019-09-21,113219.09999999999,Good,3.0,Ind33d,12.100000000000001,Gym Mem,2024-08-03,2023-01-22,8.0
25,Thomas,Kennedy,S@les,Market1ng Spec,2019-11-15,68087.45,Excellent,21.0,Refferal,33.0,Gym Mem,2023-04-25,2022-08-31,6.0
26,Craig,Carter,I.T.,HR_Coord!,2023-10-17,110668.95000000001,Good,,LinkdIn,29.7,Ret.Plan,2024-07-16,2022-02-20,8.0
27,Ryan,Giles,S@les,Cust Support Rep,2016-08-04,65484.3,Average,,Refferal,18.0,Paid_Off,2024-11-07,2023-09-01,6.0
28,Cheryl,Rubio,Customer_Support,HR_Coord!,2021-12-04,43679.0,Excellent,,Ind33d,35.2,Gym Mem,2023-06-09,2023-10-07,0.0
29,Robin,Fields,I.T.,Market1ng Spec,2022-01-02,84218.40000000001,Excellent,16.0,Company_Site,22.5,Ret.Plan,2024-03-18,2023-09-23,0.0
30,Tammy,White,Customer_Support,Cust Support Rep,2022-06-26,124429.20000000001,Average,,Agen$y,45.1,HlthIns,2024-06-03,2022-12-11,20.0
31,Thomas,Kaiser,Market1ng,S@les_Manag3r,2021-08-19,29411.05,Good,29.0,Company_Site,35.2,Gym Mem,2023-01-18,2023-08-12,18.0
32,Michelle,Garcia,Customer_Support,I.T. Specialist,2016-04-12,29094.699999999997,Poor,,Agen$y,9.9,HlthIns,2024-07-09,2022-04-12,5.0
33,Jorge,Carpenter,Finance,Ops_Mng,2020-10-31,64189.0,Good,,Company_Site,18.0,HlthIns,2023-07-02,2022-06-22,6.0
34,Linda,Moore,S@les,Cust Support Rep,2023-03-13,69433.0,Good,,Agen$y,50.6,HlthIns,2024-04-18,2023-09-13,16.0
35,Ana,Hurst,S@les,I.T. Specialist,2019-12-14,52479.0,Poor,,LinkdIn,47.7,Gym Mem,2024-10-13,2023-01-23,6.0
36,Alexis,Bautista,HR,Cust Support Rep,2018-02-17,73611.3,Average,21.0,Company_Site,52.2,Ret.Plan,2022-12-14,2022-05-02,0.0
37,Jennifer,Brock,S@les,HR_Coord!,2023-06-06,81597.4,Excellent,12.0,Ind33d,8.0,Paid_Off,2024-02-09,2022-02-21,8.0
38,Raymond,Stewart,Customer_Support,Ops_Mng,2019-12-08,83030.0,Good,,LinkdIn,27.0,Ret.Plan,2023-06-20,2022-05-04,15.0
39,Mallory,Sanchez,Customer_Support,S0ftware_Eng,2018-08-03,111135.15000000001,Poor,,Company_Site,15.0,Ret.Plan,2023-02-10,2022-11-16,5.0
40,Elizabeth,Fischer,Eng1neering,S0ftware_Eng,2020-05-29,54243.1,Good,15.0,Refferal,10.0,Paid_Off,2024-04-22,2022-06-28,0.0
41,Aaron,Carter,Finance,Market1ng Spec,2022-02-13,58990.25,Average,,Ind33d,50.6,Ret.Plan,2024-11-03,2023-05-09,20.0
42,Tristan,Barnes,Operati0ns,S0ftware_Eng,2016-12-08,68665.275,Good,10.0,LinkdIn,68.2,Gym Mem,2023-11-28,2022-06-05,12.0
43,Mikayla,Williams,S@les,Market1ng Spec,2015-01-09,54159.0,Poor,,Ind33d,20.7,Gym Mem,2023-07-30,2022-01-15,5.0
44,John,Anderson,HR,Ops_Mng,2019-08-24,69524.7,Average,21.0,Refferal,12.6,HlthIns,2023-10-13,2023-09-05,0.0
45,Mark,Smith,I.T.,S0ftware_Eng,2023-05-10,97035.0,Good,,Agen$y,34.2,Paid_Off,2023-09-18,2023-03-18,15.0
46,Monica,Miller,HR,Cust Support Rep,2021-01-02,93404.95,Excellent,2.0,LinkdIn,32.0,Paid_Off,2023-12-12,2023-10-31,12.0
47,James,Jones,Customer_Support,I.T. Specialist,2020-07-23,71200.0,Excellent,15.0,Refferal,30.0,Ret.Plan,2023-09-14,2022-03-31,18.0
48,Ashley,Fisher,Customer_Support,I.T. Specialist,2020-07-13,94516.8,Good,,Refferal,42.0,HlthIns,2023-01-16,2023-08-16,24.0
49,John,Pierce,I.T.,Cust Support Rep,2019-05-10,78846.2,Poor,,Company_Site,18.900000000000002,Paid_Off,2024-11-03,2021-12-01,0.0
50,Tammy,Yang,Market1ng,S0ftware_Eng,2021-06-17,58241.0,Excellent,,Refferal,24.3,Paid_Off,2024-11-16,2022-12-16,0.0
51,Linda,Thomas,Eng1neering,S@les_Manag3r,2017-02-15,83973.0,Good,30.0,Refferal,18.700000000000003,Paid_Off,2023-03-26,2022-11-04,0.0
52,Seth,Henderson,Customer_Support,Market1ng Spec,2022-11-28,92215.2,Poor,,Refferal,17.1,Ret.Plan,2023-05-14,2022-02-19,12.0
53,Christopher,Walsh,Operati0ns,Cust Support Rep,2017-05-09,96288.2,Excellent,,Refferal,62.7,HlthIns,2023-10-04,2023-07-07,0.0
54,Luke,Miller,Market1ng,Ops_Mng,2023-05-22,97905.15000000001,Excellent,,Company_Site,20.7,Ret.Plan,2024-04-12,2022-06-04,20.0
55,William,Wallace,Finance,S0ftware_Eng,2023-03-22,101235.0,Excellent,13.0,Agen$y,58.300000000000004,HlthIns,2022-12-11,2023-09-05,12.0
56,Sarah,Wood,S@les,Cust Support Rep,2015-08-02,111900.0,Good,1.0,LinkdIn,23.400000000000002,Paid_Off,2024-07-21,2023-04-13,20.0
57,Daniel,Rush,HR,Fin.Analyst,2018-12-01,42527.1,Excellent,,Agen$y,17.1,HlthIns,2024-02-28,2023-08-03,5.0
58,Andrea,Brown,S@les,Fin.Analyst,2021-07-30,57256.5,Good,24.0,Company_Site,19.0,HlthIns,2023-06-03,2023-08-13,5.0
59,Jasmine,Ortiz,I.T.,Market1ng Spec,2018-12-06,89147.1,Average,1.0,Company_Site,9.0,Paid_Off,2024-08-16,2023-06-20,24.0
60,Amy,Butler,S@les,S0ftware_Eng,2019-06-18,117635.0,Poor,13.0,LinkdIn,9.9,Paid_Off,2024-03-16,2023-05-10,5.0
61,Lisa,Chandler,Eng1neering,Fin.Analyst,2022-02-22,81083.45,Excellent,,Refferal,26.1,Gym Mem,2023-07-08,2021-11-21,6.0
62,Amber,Flores,Eng1neering,Ops_Mng,2021-03-24,105808.5,Good,,Company_Site,35.0,Gym Mem,2023-12-24,2022-03-03,16.0
63,Tamara,Harris,Eng1neering,S@les_Manag3r,2023-07-03,59103.0,Excellent,,Ind33d,10.0,Ret.Plan,2024-11-03,2022-04-19,4.0
64,Carrie,Carter,Market1ng,S0ftware_Eng,2016-05-12,60923.100000000006,Good,23.0,Refferal,10.8,Paid_Off,2022-12-24,2023-01-14,16.0
65,Briana,Ruiz,I.T.,S0ftware_Eng,2023-03-12,33887.700000000004,Excellent,10.0,Agen$y,26.0,HlthIns,2024-04-19,2021-11-21,12.0
66,Sean,Clements,Operati0ns,I.T. Specialist,2023-03-27,52562.0,Good,,Company_Site,25.2,Gym Mem,2024-07-31,2022-02-19,0.0
67,Caitlyn,Hogan,HR,S@les_Manag3r,2020-08-05,81638.55,Average,3.0,Company_Site,23.0,Gym Mem,2024-04-08,2022-11-08,15.0
68,Paul,Hill,Finance,Cust Support Rep,2023-05-07,112691.25,Excellent,5.0,Ind33d,43.0,HlthIns,2023-03-01,2021-12-18,12.0
69,Barbara,Grant,S@les,Ops_Mng,2017-02-26,105053.0,Average,,LinkdIn,50.6,Gym Mem,2024-01-29,2022-07-09,12.0
70,Kelly,Watts,S@les,S@les_Manag3r,2022-10-26,153204.59999999998,Excellent,22.0,Agen$y,16.2,HlthIns,2024-06-15,2022-04-28,12.0
71,Jaime,Flynn,Operati0ns,Ops_Mng,2021-11-04,115554.6,Average,,LinkdIn,20.7,Gym Mem,2023-09-20,2022-03-26,15.0
72,Jacob,Griffin,Market1ng,Cust Support Rep,2020-05-15,50597.4,Average,0.0,Agen$y,33.0,HlthIns,2024-01-18,2022-07-08,12.0
73,Chloe,Ross,I.T.,Market1ng Spec,2015-09-12,87080.8,Good,7.0,Refferal,6.0,Paid_Off,2023-05-23,2023-08-24,8.0
74,Diane,Saunders,Market1ng,Market1ng Spec,2015-02-26,113478.75,Average,30.0,Refferal,58.300000000000004,Gym Mem,2023-07-05,2022-05-06,0.0
75,Thomas,Reynolds,Market1ng,Fin.Analyst,2014-12-25,118660.5,Poor,,Agen$y,27.900000000000002,Paid_Off,2024-07-02,2023-03-07,6.0
76,Christopher,Wright,HR,Market1ng Spec,2017-02-19,51690.45,Good,,Agen$y,52.2,Ret.Plan,2023-11-11,2023-05-08,20.0
77,Katherine,Chavez,Market1ng,S@les_Manag3r,2021-09-28,50635.0,Poor,12.0,Agen$y,36.300000000000004,HlthIns,2023-10-13,2023-03-26,10.0
78,Nancy,Giles,HR,HR_Coord!,2018-05-12,48550.7,Poor,,Company_Site,40.7,Ret.Plan,2023-02-16,2022-04-05,24.0
79,Sandra,Thomas,Operati0ns,Cust Support Rep,2021-11-10,98293.65,Poor,,Company_Site,30.0,HlthIns,2023-08-19,2022-08-01,20.0
80,Megan,Ford,Operati0ns,HR_Coord!,2020-07-06,54189.899999999994,Good,,Refferal,25.0,Paid_Off,2023-12-04,2022-06-05,6.0
81,Rachael,Walsh,Market1ng,I.T. Specialist,2018-05-21,118014.75,Poor,3.0,LinkdIn,33.0,Ret.Plan,2023-05-06,2022-12-17,0.0
82,Sandra,Webb,I.T.,HR_Coord!,2022-10-21,42964.0,Poor,26.0,Company_Site,52.2,Ret.Plan,2024-07-01,2023-10-27,24.0
83,Amber,Harris,HR,I.T. Specialist,2015-03-25,34959.049999999996,Good,19.0,Refferal,36.300000000000004,HlthIns,2023-08-26,2022-04-27,4.0
84,Peter,Smith,Finance,HR_Coord!,2019-01-26,103975.59999999999,Average,,Refferal,18.0,HlthIns,2023-05-12,2022-12-27,0.0
85,Janet,Hale,HR,Market1ng Spec,2022-05-08,61731.600000000006,Poor,,LinkdIn,30.0,HlthIns,2023-07-02,2022-01-05,5.0
86,Joshua,Montgomery,HR,HR_Coord!,2016-01-09,55063.05,Poor,,Agen$y,7.700000000000001,Ret.Plan,2024-07-13,2022-08-20,15.0
87,Lisa,Smith,Operati0ns,Cust Support Rep,2021-04-11,85874.3,Excellent,,Ind33d,22.0,HlthIns,2024-09-09,2023-10-16,5.0
88,Melissa,Evans,Operati0ns,Fin.Analyst,2017-11-01,113598.45000000001,Average,,Ind33d,41.4,Gym Mem,2024-10-20,2023-09-13,4.0
89,Patty,Mack,HR,Ops_Mng,2015-02-06,97711.95,Poor,,LinkdIn,14.0,HlthIns,2022-11-30,2022-01-27,12.0
90,Brittany,Fuller,S@les,Cust Support Rep,2019-02-23,63092.35,Excellent,,Agen$y,23.1,Ret.Plan,2024-05-23,2023-08-03,18.0
91,Stephanie,Gardner,I.T.,Cust Support Rep,2019-07-30,51608.55,Average,,Company_Site,39.6,Paid_Off,2023-12-08,2023-04-25,10.0
92,Bethany,Moore,Customer_Support,S0ftware_Eng,2015-04-04,52776.15,Good,,Refferal,55.00000000000001,Gym Mem,2023-02-18,2023-09-20,6.0
93,Shannon,Mccarthy,S@les,Ops_Mng,2019-12-23,94173.5,Good,0.0,LinkdIn,58.0,Ret.Plan,2023-05-18,2022-10-21,10.0
94,Donna,Ruiz,Customer_Support,Fin.Analyst,2018-01-04,62216.700000000004,Poor,16.0,Agen$y,44.1,HlthIns,2023-06-12,2022-09-23,4.0
95,Wendy,Gregory,Eng1neering,HR_Coord!,2014-12-03,108762.0,Excellent,,Refferal,27.0,HlthIns,2023-09-10,2023-09-04,0.0
96,Sabrina,Wolf,Finance,I.T. Specialist,2016-08-07,99583.75,Excellent,19.0,Agen$y,18.0,Gym Mem,2023-10-29,2022-12-15,12.0
97,Laura,Hall,Eng1neering,Cust Support Rep,2015-11-18,114569.70000000001,Poor,,Refferal,51.7,Paid_Off,2024-10-03,2023-05-28,20.0
98,Christopher,Gill,Operati0ns,HR_Coord!,2019-10-01,96402.0,Poor,,Agen$y,20.7,Paid_Off,2022-12-31,2022-03-28,0.0
99,Chloe,Ramirez,Customer_Support,HR_Coord!,2015-04-09,54653.0,Good,,Refferal,36.0,Paid_Off,2024-04-20,2022-01-07,5.0
100,Tom,Riggs,Finance,HR_Coord!,2023-03-27,43198.05,Good,17.0,Refferal,21.0,HlthIns,2024-08-04,2022-10-06,15.0
101,Crystal,Martinez,Finance,S@les_Manag3r,2022-06-27,88325.3,Poor,5.0,Company_Site,29.7,HlthIns,2023-08-07,2022-07-15,6.0
102,Megan,Stephenson,Eng1neering,Market1ng Spec,2023-05-23,117449.0,Poor,,Ind33d,49.50000000000001,HlthIns,2023-05-20,2022-11-27,6.0
103,John,Williams,S@les,Ops_Mng,2017-09-18,65703.0,Average,,Agen$y,26.0,Ret.Plan,2023-04-29,2022-07-28,16.0
104,Jessica,Scott,Eng1neering,Fin.Analyst,2023-01-11,83083.35,Average,7.0,Agen$y,60.50000000000001,Ret.Plan,2023-06-26,2023-08-10,6.0
105,Dave,Fox,Customer_Support,Fin.Analyst,2023-09-28,42615.3,Average,,Company_Site,42.300000000000004,Ret.Plan,2023-03-05,2023-05-09,15.0
106,Jeffrey,Perkins,Customer_Support,Market1ng Spec,2021-10-06,80614.0,Good,,Ind33d,31.0,Paid_Off,2023-12-27,2022-08-26,10.0
107,Laura,Foster,HR,HR_Coord!,2017-05-11,52167.35,Average,,Ind33d,14.4,Paid_Off,2023-05-21,2022-02-18,18.0
108,Marvin,Garcia,Operati0ns,Fin.Analyst,2020-12-02,56536.5,Poor,,Company_Site,116.60000000000001,Ret.Plan,2022-12-08,2023-04-21,0.0
109,Lisa,King,HR,I.T. Specialist,2020-03-29,74730.6,Average,25.0,Agen$y,40.7,Ret.Plan,2023-05-08,2022-12-18,12.0
110,Craig,Campbell,Market1ng,S0ftware_Eng,2018-07-09,98498.40000000001,Good,,Company_Site,47.7,Paid_Off,2024-07-10,2022-03-09,15.0
111,Dustin,Fischer,Eng1neering,Fin.Analyst,2017-08-21,51299.85,Poor,13.0,Agen$y,14.3,Paid_Off,2023-09-20,2021-12-14,6.0
112,Heidi,Stout,S@les,Cust Support Rep,2015-06-03,86322.7,Average,6.0,Refferal,64.9,HlthIns,2024-08-25,2023-02-12,15.0
113,Brandon,Larson,Market1ng,S0ftware_Eng,2016-01-05,114395.0,Excellent,,Company_Site,50.0,Gym Mem,2024-10-08,2022-11-30,0.0
114,Audrey,Johnson,S@les,S@les_Manag3r,2016-02-02,32643.45,Good,24.0,Company_Site,15.0,HlthIns,2023-05-15,2023-01-13,15.0
115,Renee,Sparks,Market1ng,I.T. Specialist,2019-03-18,64480.5,Poor,1.0,Company_Site,53.900000000000006,Gym Mem,2024-01-02,2022-09-18,10.0
116,Amanda,Torres,Customer_Support,HR_Coord!,2020-08-28,48075.7,Poor,19.0,Refferal,46.800000000000004,Paid_Off,2024-08-24,2022-10-27,0.0
117,Erin,Morgan,Customer_Support,S0ftware_Eng,2021-10-04,55049.649999999994,Good,,Refferal,16.5,Ret.Plan,2024-01-18,2022-08-31,24.0
118,Anthony,Moreno,Operati0ns,S@les_Manag3r,2015-04-21,113190.0,Poor,8.0,Agen$y,36.0,Gym Mem,2023-03-21,2022-01-22,0.0
119,Cynthia,Wright,Operati0ns,Market1ng Spec,2022-04-18,39617.85,Poor,0.0,Refferal,28.6,Gym Mem,2023-05-19,2022-12-14,0.0
120,Catherine,Mora,Customer_Support,Cust Support Rep,2015-04-10,106023.75,Poor,,Agen$y,47.0,Gym Mem,2024-11-09,2022-02-15,12.0
121,Barbara,Martin,Market1ng,I.T. Specialist,2019-11-17,32943.15,Excellent,,LinkdIn,29.0,Gym Mem,2023-06-25,2023-03-25,6.0
122,Peter,Perry,Finance,HR_Coord!,2021-07-31,88473.5,Excellent,22.0,Agen$y,36.0,Paid_Off,2024-08-14,2023-05-20,15.0
123,Mitchell,Roberts,S@les,Cust Support Rep,2020-07-24,102458.0,Average,11.0,Refferal,32.0,Ret.Plan,2024-06-22,2022-03-21,12.0
124,Tina,Meyer,I.T.,S@les_Manag3r,2023-06-06,30827.5,Average,26.0,Refferal,57.2,Gym Mem,2024-05-14,2022-04-15,15.0
125,Benjamin,Berry,Market1ng,Market1ng Spec,2017-12-26,72875.25,Good,,Refferal,27.900000000000002,HlthIns,2024-04-29,2022-05-13,0.0
126,Andrew,Burton,Customer_Support,Ops_Mng,2020-02-26,37568.7,Average,21.0,Company_Site,5.4,Ret.Plan,2024-06-18,2023-01-29,0.0
127,Susan,Schmidt,Customer_Support,Ops_Mng,2015-08-18,36949.299999999996,Excellent,,Agen$y,49.50000000000001,Paid_Off,2024-07-30,2022-09-11,10.0
128,Jackson,Jenkins,Customer_Support,S0ftware_Eng,2019-12-03,78996.75,Good,,LinkdIn,15.0,Ret.Plan,2023-01-03,2023-08-28,15.0
129,David,Walters,Market1ng,Fin.Analyst,2022-03-15,31817.0,Good,4.0,Ind33d,20.900000000000002,Ret.Plan,2023-03-21,2022-12-24,15.0
130,Jason,Powell,Operati0ns,Fin.Analyst,2016-09-11,44717.0,Good,19.0,Agen$y,32.0,Paid_Off,2023-11-23,2022-12-07,0.0
131,Lauren,Osborne,Finance,Fin.Analyst,2017-03-25,78504.0,Poor,,Company_Site,47.300000000000004,Paid_Off,2023-04-23,2022-04-27,16.0
132,Sharon,French,I.T.,HR_Coord!,2021-03-09,76057.95,Poor,,Agen$y,47.300000000000004,Paid_Off,2023-12-13,2022-01-24,15.0
133,Andrew,Carter,HR,HR_Coord!,2017-03-02,54022.7,Poor,8.0,Refferal,36.300000000000004,Ret.Plan,2023-11-14,2023-09-25,12.0
134,Ronald,Watson,Eng1neering,S@les_Manag3r,2017-03-20,41037.15,Good,,LinkdIn,39.0,Paid_Off,2023-02-19,2022-01-30,18.0
135,Craig,Fuller,Finance,Market1ng Spec,2023-04-21,61137.0,Poor,3.0,Company_Site,39.0,Ret.Plan,2023-01-20,2022-02-22,24.0
136,Jordan,Moore,Operati0ns,Cust Support Rep,2023-11-14,71984.85,Good,22.0,Ind33d,37.400000000000006,Ret.Plan,2022-11-27,2022-04-10,10.0
137,Jeffrey,Terry,Eng1neering,Cust Support Rep,2016-04-12,80162.0,Good,,Refferal,17.1,HlthIns,2024-07-14,2023-01-14,0.0
138,Deborah,James,Market1ng,Fin.Analyst,2022-12-25,50445.0,Average,,LinkdIn,60.50000000000001,Ret.Plan,2023-01-17,2023-02-28,15.0
139,Michael,Garza,HR,Market1ng Spec,2019-11-09,52207.05,Excellent,0.0,Ind33d,55.00000000000001,Ret.Plan,2024-10-21,2022-09-30,12.0
140,Henry,Taylor,Market1ng,Fin.Analyst,2015-03-25,70109.0,Good,,LinkdIn,62.7,Gym Mem,2024-11-07,2022-09-03,20.0
141,William,Barnett,Eng1neering,I.T. Specialist,2020-02-25,70617.3,Poor,,Refferal,22.5,Gym Mem,2024-05-17,2023-03-01,8.0
142,Benjamin,Gomez,Finance,HR_Coord!,2020-08-27,104046.6,Average,,LinkdIn,50.0,Ret.Plan,2023-10-14,2022-05-29,10.0
143,Craig,Kennedy,Customer_Support,I.T. Specialist,2015-03-10,90999.55,Poor,,Refferal,25.2,Paid_Off,2023-06-08,2023-06-26,15.0
144,Vanessa,Perry,Market1ng,I.T. Specialist,2021-09-13,93966.4,Poor,21.0,Company_Site,51.7,HlthIns,2023-09-16,2023-03-01,18.0
145,James,Woods,I.T.,S0ftware_Eng,2022-03-30,107573.25,Average,,Company_Site,55.0,Gym Mem,2023-07-29,2023-02-02,0.0
146,Michael,Neal,Eng1neering,I.T. Specialist,2015-07-12,42035.0,Poor,,Company_Site,27.900000000000002,HlthIns,2023-09-04,2021-12-10,0.0
147,Jessica,Flores,I.T.,Ops_Mng,2020-09-19,77700.0,Average,6.0,Refferal,35.0,HlthIns,2024-05-02,2022-07-29,10.0
148,Mary,Pearson,HR,Ops_Mng,2018-12-28,58549.05,Poor,18.0,Refferal,56.0,Paid_Off,2024-09-01,2023-06-03,15.0
149,Samantha,Brown,Eng1neering,I.T. Specialist,2017-01-11,45595.0,Excellent,,LinkdIn,46.2,Gym Mem,2023-03-14,2022-04-18,0.0
150,Gary,Evans,Operati0ns,S@les_Manag3r,2019-01-04,103252.0,Excellent,10.0,LinkdIn,23.400000000000002,Ret.Plan,2023-05-15,2023-03-04,8.0
151,Emily,Mcgee,S@les,Market1ng Spec,2016-04-25,94382.40000000001,Poor,,Company_Site,18.0,HlthIns,2023-04-21,2023-10-31,18.0
152,Tammy,Williams,S@les,Ops_Mng,2017-11-19,80365.95,Good,13.0,Ind33d,34.1,Paid_Off,2022-12-22,2022-10-06,16.0
153,Brian,Howell,Customer_Support,Cust Support Rep,2020-10-11,95441.0,Excellent,,Ind33d,32.0,HlthIns,2024-08-04,2022-12-02,6.0
154,Erica,Johnson,Finance,Market1ng Spec,2019-03-04,32409.25,Average,,Agen$y,27.500000000000004,HlthIns,2023-11-27,2022-04-22,5.0
155,Megan,Ruiz,Operati0ns,S0ftware_Eng,2019-11-20,32802.549999999996,Poor,,LinkdIn,25.3,Paid_Off,2023-01-07,2021-11-24,18.0
156,Matthew,Oneal,S@les,Cust Support Rep,2019-10-10,100260.0,Poor,,LinkdIn,63.800000000000004,Ret.Plan,2023-10-11,2022-05-10,4.0
157,John,Smith,Finance,Cust Support Rep,2022-04-08,84079.8,Average,,LinkdIn,15.0,HlthIns,2023-10-14,2022-10-29,8.0
158,Candice,Rose,S@les,S0ftware_Eng,2017-12-21,92018.9,Excellent,22.0,Agen$y,52.800000000000004,HlthIns,2024-06-09,2023-02-03,16.0
159,Scott,Jones,Market1ng,S0ftware_Eng,2022-03-14,82142.0,Excellent,,LinkdIn,6.0,Paid_Off,2024-05-28,2023-07-22,4.0
160,Gregory,Camacho,I.T.,S@les_Manag3r,2015-08-08,84393.75,Average,,Refferal,22.0,Gym Mem,2023-02-25,2022-06-18,5.0
161,Thomas,Parks,Eng1neering,Market1ng Spec,2018-09-24,70442.5,Good,,LinkdIn,51.0,Ret.Plan,2024-02-20,2022-07-17,0.0
162,Robert,Harmon,I.T.,Cust Support Rep,2018-01-20,85276.75,Poor,,Company_Site,33.0,HlthIns,2023-11-26,2023-04-29,0.0
163,Ashley,Caldwell,S@les,Cust Support Rep,2018-12-12,64131.649999999994,Average,,Refferal,18.900000000000002,Paid_Off,2022-11-28,2023-03-18,0.0
164,William,Smith,S@les,S0ftware_Eng,2022-05-20,100333.29999999999,Good,,Ind33d,18.700000000000003,Ret.Plan,2023-03-06,2023-04-24,0.0
165,Larry,Williams,HR,HR_Coord!,2019-06-30,69805.05,Poor,15.0,Agen$y,6.3,HlthIns,2024-03-20,2023-08-21,16.0
166,Michael,Oliver,HR,Ops_Mng,2023-10-08,50910.0,Excellent,5.0,Company_Site,28.6,Ret.Plan,2023-08-14,2022-01-22,12.0
167,Mary,Key,S@les,Ops_Mng,2022-08-20,70265.0,Good,14.0,LinkdIn,50.0,HlthIns,2024-10-23,2022-02-17,16.0
168,John,Marks,Finance,HR_Coord!,2015-12-14,101405.0,Excellent,17.0,Agen$y,51.300000000000004,Paid_Off,2023-11-20,2022-11-16,5.0
169,Ann,Lyons,Eng1neering,Ops_Mng,2017-09-25,109508.4,Good,10.0,Refferal,23.0,HlthIns,2024-04-05,2023-02-09,12.0
170,Alexander,Acosta,Market1ng,Ops_Mng,2015-02-01,41490.75,Poor,4.0,Company_Site,25.0,Ret.Plan,2023-02-24,2023-03-11,20.0
171,Judith,Perez,Operati0ns,I.T. Specialist,2021-06-26,90301.05,Poor,,Refferal,55.00000000000001,HlthIns,2023-11-04,2022-05-05,8.0
172,Matthew,Walton,Market1ng,Ops_Mng,2015-01-21,60130.0,Excellent,8.0,Agen$y,37.0,Ret.Plan,2024-05-08,2022-02-26,6.0
173,Brandon,Roberts,Market1ng,I.T. Specialist,2022-11-09,84206.0,Excellent,,Agen$y,58.0,Paid_Off,2024-07-20,2023-09-22,12.0
174,Juan,Garcia,I.T.,I.T. Specialist,2016-08-15,55825.799999999996,Average,2.0,Refferal,64.9,HlthIns,2023-04-13,2022-05-13,0.0
175,John,Murray,Eng1neering,Market1ng Spec,2018-08-10,99895.34999999999,Excellent,,Ind33d,51.300000000000004,Ret.Plan,2023-09-05,2021-12-02,12.0
176,Stephanie,Rivera,S@les,S0ftware_Eng,2015-06-10,37537.5,Poor,16.0,Company_Site,6.3,Gym Mem,2023-10-31,2022-06-13,24.0
177,Michael,Jackson,S@les,HR_Coord!,2017-09-07,69503.0,Excellent,10.0,Ind33d,26.1,Paid_Off,2023-10-06,2022-12-01,20.0
178,Keith,Fisher,HR,Fin.Analyst,2018-05-22,80844.75,Poor,26.0,Agen$y,48.6,Gym Mem,2023-11-01,2023-02-24,10.0
179,Michael,Prince,HR,HR_Coord!,2015-05-09,44007.6,Average,26.0,Company_Site,5.0,Paid_Off,2023-06-23,2023-05-12,12.0
180,Stacey,Graham,Finance,S0ftware_Eng,2021-10-15,114563.40000000001,Poor,27.0,Refferal,19.0,HlthIns,2024-07-02,2022-03-05,8.0
181,Cynthia,West,S@les,Ops_Mng,2021-04-14,102458.0,Poor,7.0,Company_Site,5.5,Paid_Off,2024-09-16,2022-11-24,8.0
182,Christine,Fletcher,I.T.,Market1ng Spec,2018-02-07,63283.0,Excellent,14.0,Refferal,45.1,Gym Mem,2023-08-01,2022-07-10,0.0
183,Jennifer,Warren,Customer_Support,Market1ng Spec,2022-05-26,83237.0,Excellent,,Refferal,39.6,HlthIns,2024-02-28,2023-05-02,18.0
184,Paul,Anderson,Customer_Support,S0ftware_Eng,2015-07-31,71222.55,Poor,,LinkdIn,8.0,Paid_Off,2023-08-24,2022-08-08,24.0
185,Robert,Lozano,S@les,Ops_Mng,2015-05-15,106818.0,Good,15.0,Company_Site,19.0,HlthIns,2024-01-16,2023-07-04,8.0
186,Debra,Wallace,I.T.,Market1ng Spec,2018-01-28,71673.0,Excellent,,Agen$y,42.0,Ret.Plan,2024-04-10,2022-04-07,0.0
187,Aaron,Clarke,Customer_Support,I.T. Specialist,2022-12-31,95159.40000000001,Excellent,29.0,Ind33d,36.300000000000004,Ret.Plan,2023-11-20,2023-11-15,20.0
188,James,Price,S@les,Cust Support Rep,2021-09-09,103293.5,Poor,13.0,Company_Site,12.0,Gym Mem,2024-03-26,2022-12-04,15.0
189,Matthew,Roman,HR,I.T. Specialist,2020-12-06,60771.0,Excellent,0.0,LinkdIn,27.0,Paid_Off,2024-05-25,2022-09-24,0.0
190,John,Price,S@les,S@les_Manag3r,2019-12-12,92340.95,Good,14.0,Refferal,14.3,Gym Mem,2024-07-27,2023-05-02,0.0
191,Dana,Robinson,Finance,Market1ng Spec,2022-02-11,69332.9,Excellent,23.0,Ind33d,9.0,Gym Mem,2023-04-06,2022-08-22,10.0
192,Nicholas,Gonzalez,Eng1neering,Cust Support Rep,2018-08-04,153342.0,Good,28.0,Refferal,54.0,Paid_Off,2023-04-26,2021-12-14,15.0
193,Nancy,Bentley,Customer_Support,S@les_Manag3r,2015-02-27,37618.1,Good,0.0,Company_Site,28.6,Paid_Off,2023-11-30,2022-10-06,8.0
194,Ashley,Willis,I.T.,S0ftware_Eng,2022-02-07,46822.0,Excellent,,Agen$y,14.0,Ret.Plan,2023-11-26,2022-06-17,20.0
195,Robert,Williams,Operati0ns,I.T. Specialist,2016-08-06,123338.25,Poor,,Refferal,53.900000000000006,Paid_Off,2024-07-01,2023-03-16,18.0
196,Richard,Price,S@les,S0ftware_Eng,2018-05-16,53957.4,Poor,,Refferal,9.9,Ret.Plan,2023-12-02,2022-12-08,5.0
197,Jacqueline,Young,Finance,Ops_Mng,2018-02-06,67659.0,Average,24.0,Ind33d,41.800000000000004,Ret.Plan,2024-09-06,2023-07-17,24.0
198,Robert,Miller,Operati0ns,S0ftware_Eng,2015-12-29,73772.0,Average,,Refferal,7.2,HlthIns,2024-06-09,2022-11-11,0.0
199,Eileen,Lopez,Operati0ns,S@les_Manag3r,2018-01-15,82197.0,Good,14.0,Ind33d,17.6,Paid_Off,2023-11-24,2022-03-12,12.0
200,Brandon,Brown,Operati0ns,Ops_Mng,2016-06-23,58590.0,Average,,Refferal,34.0,Gym Mem,2024-07-15,2022-03-07,8.0
201,Sean,Little,Market1ng,Ops_Mng,2020-06-04,80119.0,Poor,13.0,Company_Site,38.0,Paid_Off,2023-11-01,2023-01-11,12.0
202,Jonathon,Thompson,I.T.,Fin.Analyst,2020-10-05,53745.0,Poor,7.0,Refferal,15.3,HlthIns,2023-07-26,2022-05-31,4.0
203,Eric,Bishop,Operati0ns,S@les_Manag3r,2015-01-02,55236.0,Poor,8.0,Refferal,47.0,Paid_Off,2023-10-01,2022-04-22,6.0
204,Allison,Salazar,Finance,S0ftware_Eng,2018-12-28,109849.95000000001,Average,,Ind33d,18.0,Paid_Off,2023-10-18,2023-10-07,0.0
205,Tony,Bush,S@les,Fin.Analyst,2019-11-14,62313.35,Excellent,,Agen$y,59.0,Paid_Off,2024-03-08,2022-02-28,0.0
206,Anna,Hunt,Finance,S@les_Manag3r,2022-09-23,53492.0,Poor,4.0,Agen$y,38.7,Gym Mem,2022-12-27,2023-09-18,10.0
207,Karla,Mitchell,S@les,I.T. Specialist,2019-05-07,39111.5,Good,,Company_Site,37.800000000000004,HlthIns,2024-05-05,2022-12-15,12.0
208,Nicole,Rich,S@les,S@les_Manag3r,2015-08-10,70358.9,Excellent,14.0,Ind33d,43.0,Ret.Plan,2024-10-26,2023-10-03,15.0
209,Troy,Gomez,HR,Fin.Analyst,2015-05-08,112858.09999999999,Poor,,Agen$y,42.0,Ret.Plan,2023-10-20,2023-07-24,8.0
210,Larry,Ellis,Eng1neering,Fin.Analyst,2022-08-22,110140.15,Poor,11.0,Company_Site,18.0,Ret.Plan,2023-01-08,2022-06-25,16.0
211,Steven,Welch,S@les,Ops_Mng,2021-12-31,69987.45,Average,20.0,LinkdIn,26.0,Paid_Off,2023-04-15,2022-10-28,8.0
212,Lisa,Black,HR,Market1ng Spec,2022-08-10,78251.5,Average,15.0,Company_Site,46.0,Ret.Plan,2023-02-02,2022-01-20,16.0
213,Nancy,Huber,Finance,S@les_Manag3r,2017-03-29,113032.9,Average,,Refferal,29.700000000000003,HlthIns,2023-05-25,2022-08-13,4.0
214,Lisa,Blevins,Customer_Support,Cust Support Rep,2020-09-17,43704.75,Average,,Refferal,21.6,Paid_Off,2024-06-21,2023-09-26,0.0
215,Jacob,Spears,Operati0ns,Cust Support Rep,2015-09-29,66656.75,Average,,Refferal,48.6,HlthIns,2022-11-19,2022-01-31,5.0
216,Yvonne,Villa,Finance,Fin.Analyst,2022-04-27,113742.0,Average,,Company_Site,12.0,Paid_Off,2024-08-18,2022-05-17,5.0
217,Cynthia,Carpenter,Eng1neering,Market1ng Spec,2017-11-19,81240.6,Excellent,,LinkdIn,19.8,Paid_Off,2024-10-05,2021-12-20,0.0
218,Christopher,Henry,I.T.,S0ftware_Eng,2023-06-24,34633.0,Average,16.0,Ind33d,62.7,Gym Mem,2023-04-03,2023-08-09,0.0
219,Jessica,Padilla,I.T.,S0ftware_Eng,2019-02-15,48715.049999999996,Good,21.0,Agen$y,51.7,Ret.Plan,2023-03-25,2023-04-02,8.0
220,Valerie,Lewis,Operati0ns,S0ftware_Eng,2015-03-07,52887.450000000004,Good,,Company_Site,24.0,HlthIns,2024-10-24,2023-01-23,0.0
221,Richard,Adams,Customer_Support,Ops_Mng,2023-01-24,109340.25,Good,,Refferal,24.200000000000003,Gym Mem,2023-08-09,2022-10-24,18.0
222,Erika,Williams,S@les,HR_Coord!,2020-07-06,98885.85,Average,9.0,LinkdIn,43.2,HlthIns,2024-07-04,2022-05-27,0.0
223,Leslie,Martin,I.T.,HR_Coord!,2017-06-19,56562.450000000004,Poor,,Company_Site,19.0,Paid_Off,2022-11-25,2023-01-20,20.0
224,Jason,Smith,I.T.,Cust Support Rep,2015-03-19,111917.40000000001,Excellent,16.0,Agen$y,7.0,Ret.Plan,2024-11-12,2023-04-15,8.0
225,Jennifer,Pena,Customer_Support,Fin.Analyst,2018-04-10,45509.75,Good,20.0,Ind33d,25.2,Gym Mem,2022-12-01,2023-06-20,12.0
226,Aaron,Taylor,Operati0ns,S@les_Manag3r,2016-04-17,124158.3,Excellent,21.0,LinkdIn,21.0,Ret.Plan,2024-02-06,2022-03-17,0.0
227,Mackenzie,Buchanan,I.T.,HR_Coord!,2019-10-26,84001.0,Average,3.0,Refferal,16.5,Ret.Plan,2024-09-27,2023-02-18,12.0
228,Allison,Becker,Customer_Support,S0ftware_Eng,2016-03-15,36188.35,Poor,,Ind33d,42.0,HlthIns,2024-07-18,2023-03-29,12.0
229,Connor,Arellano,Finance,I.T. Specialist,2016-06-14,48624.799999999996,Average,1.0,Ind33d,63.800000000000004,Paid_Off,2023-07-03,2023-01-17,20.0
230,David,Sanders,HR,Fin.Analyst,2023-03-03,108529.05,Poor,4.0,LinkdIn,24.200000000000003,Ret.Plan,2024-07-11,2023-05-04,5.0
231,Debra,Morse,I.T.,S0ftware_Eng,2020-08-23,89324.55,Poor,,Agen$y,45.9,Gym Mem,2023-09-02,2022-12-01,0.0
232,Morgan,Chavez,S@les,I.T. Specialist,2017-01-24,75500.3,Excellent,1.0,Company_Site,51.7,Ret.Plan,2023-11-19,2023-10-16,8.0
233,Joshua,Morgan,Market1ng,Ops_Mng,2022-10-16,100841.54999999999,Good,,Company_Site,8.0,Ret.Plan,2023-08-11,2023-03-08,10.0
234,Tiffany,Garcia,Finance,HR_Coord!,2020-07-03,62239.8,Poor,27.0,Ind33d,42.0,Paid_Off,2023-08-05,2023-02-20,18.0
235,Craig,Andrade,Customer_Support,Cust Support Rep,2023-05-24,61084.8,Poor,19.0,LinkdIn,48.400000000000006,Gym Mem,2024-01-18,2021-11-28,10.0
236,Melissa,Norton,Customer_Support,Fin.Analyst,2019-03-25,49972.65,Good,25.0,Company_Site,41.800000000000004,Gym Mem,2024-06-12,2022-03-03,15.0
237,Randy,Morris,Market1ng,HR_Coord!,2022-11-15,120155.70000000001,Excellent,,Agen$y,58.0,Paid_Off,2024-04-13,2023-01-31,5.0
238,Christopher,Bryant,Market1ng,S0ftware_Eng,2020-12-27,72613.8,Poor,,Refferal,52.2,Gym Mem,2024-06-02,2023-06-01,0.0
239,Joshua,Nguyen,Operati0ns,Ops_Mng,2015-04-13,104600.7,Average,,Ind33d,6.3,HlthIns,2022-11-29,2022-03-04,12.0
240,Shawn,Johnson,I.T.,S@les_Manag3r,2017-01-16,71573.95,Average,14.0,Company_Site,10.8,Paid_Off,2023-12-12,2023-02-26,0.0
241,Laura,Williams,HR,Fin.Analyst,2017-06-01,61594.05,Excellent,,Refferal,14.0,Ret.Plan,2023-08-03,2022-03-11,0.0
242,Michelle,Wood,Market1ng,Market1ng Spec,2016-05-30,98934.9,Good,,Company_Site,62.7,Gym Mem,2023-04-20,2023-05-30,20.0
243,Dennis,Clark,Finance,S0ftware_Eng,2017-01-09,64572.45,Poor,,Ind33d,59.0,HlthIns,2024-09-22,2023-07-11,12.0
244,Abigail,Warren,Eng1neering,Ops_Mng,2016-11-30,114691.0,Good,,Refferal,23.0,HlthIns,2023-04-11,2023-02-15,5.0
245,Debra,Lopez,Operati0ns,Fin.Analyst,2022-10-15,29891.75,Good,,LinkdIn,47.300000000000004,Gym Mem,2023-04-02,2022-01-07,16.0
246,Michael,Harris,S@les,I.T. Specialist,2019-01-18,75596.0,Average,6.0,Agen$y,21.6,Paid_Off,2023-03-29,2022-06-10,4.0
247,Monica,Chambers,HR,S@les_Manag3r,2022-10-09,56360.0,Average,,Company_Site,62.7,Paid_Off,2024-03-14,2022-06-03,16.0
248,Joshua,Fitzgerald,Operati0ns,Ops_Mng,2016-02-15,66412.5,Average,12.0,Company_Site,8.8,Gym Mem,2024-02-09,2022-10-26,0.0
249,Andrew,Collins,S@les,HR_Coord!,2019-12-19,106002.75,Poor,,Refferal,6.0,Paid_Off,2023-11-23,2023-06-11,20.0
250,Billy,Heath,Finance,I.T. Specialist,2015-01-02,121327.5,Poor,25.0,LinkdIn,33.0,HlthIns,2024-01-21,2023-01-15,12.0
251,Erin,Scott,Finance,Cust Support Rep,2023-04-03,48563.55,Poor,30.0,Ind33d,17.0,Ret.Plan,2024-10-06,2023-11-13,20.0
252,Angela,Cooper,I.T.,Cust Support Rep,2014-12-07,122960.25,Poor,,Refferal,11.0,Gym Mem,2024-08-09,2023-04-20,6.0
253,Stacey,Marquez,HR,Market1ng Spec,2018-05-23,76332.5,Good,24.0,Ind33d,18.900000000000002,Gym Mem,2024-09-11,2022-03-02,0.0
254,Sheena,Williams,Operati0ns,Cust Support Rep,2022-02-04,35854.0,Excellent,30.0,Company_Site,5.4,Paid_Off,2022-12-28,2023-11-03,16.0
255,Renee,Villa,S@les,HR_Coord!,2023-11-18,84099.7,Average,10.0,Agen$y,63.800000000000004,Paid_Off,2024-09-05,2021-12-31,12.0
256,Bobby,Jones,Eng1neering,Ops_Mng,2015-01-22,111820.8,Poor,,Ind33d,5.0,HlthIns,2022-12-11,2022-07-19,20.0
257,Kara,Murray,Market1ng,Ops_Mng,2022-04-19,53752.899999999994,Good,24.0,Ind33d,12.6,HlthIns,2024-03-06,2023-02-27,8.0
258,Jacqueline,Hardy,Finance,HR_Coord!,2019-06-22,61105.899999999994,Average,21.0,Ind33d,58.300000000000004,Gym Mem,2024-09-29,2022-08-31,12.0
259,Diana,Williams,Market1ng,Fin.Analyst,2015-03-24,88242.0,Good,,Agen$y,63.800000000000004,HlthIns,2023-11-21,2021-12-05,0.0
260,Jennifer,Lamb,I.T.,I.T. Specialist,2021-11-16,68447.40000000001,Poor,,Refferal,19.8,Gym Mem,2023-09-21,2022-06-23,20.0
261,Raven,Werner,HR,HR_Coord!,2015-11-21,49537.950000000004,Poor,,Agen$y,22.5,Paid_Off,2023-07-19,2022-05-14,12.0
262,Danielle,Stevens,S@les,HR_Coord!,2020-05-20,75999.0,Poor,23.0,Refferal,27.900000000000002,HlthIns,2024-09-18,2023-06-08,6.0
263,Nathan,Wilson,I.T.,HR_Coord!,2021-11-20,53461.8,Poor,10.0,LinkdIn,19.0,Gym Mem,2024-09-25,2023-01-25,8.0
264,Amanda,Miller,Customer_Support,Cust Support Rep,2020-12-11,114750.0,Poor,,Ind33d,34.2,HlthIns,2024-02-14,2022-03-04,0.0
265,Jared,Garcia,Operati0ns,Cust Support Rep,2018-04-20,37716.9,Good,16.0,Ind33d,53.900000000000006,Paid_Off,2024-04-24,2023-08-18,24.0
266,Brenda,Cannon,HR,Fin.Analyst,2015-02-13,109465.65,Excellent,29.0,Ind33d,46.800000000000004,Ret.Plan,2023-07-24,2022-04-23,6.0
267,Alan,Gutierrez,HR,Market1ng Spec,2018-10-22,96283.95,Poor,,LinkdIn,20.0,Paid_Off,2023-02-28,2022-07-10,6.0
268,Edward,Calhoun,S@les,S@les_Manag3r,2023-02-08,78710.34999999999,Poor,,LinkdIn,39.0,Gym Mem,2024-11-03,2023-08-19,24.0
269,Mathew,Alexander,Eng1neering,S0ftware_Eng,2017-11-17,61503.95,Average,27.0,Agen$y,45.0,HlthIns,2024-03-13,2023-05-31,5.0
270,Kristine,Jones,S@les,HR_Coord!,2017-02-11,63669.0,Poor,19.0,LinkdIn,46.0,Paid_Off,2023-06-07,2022-09-22,10.0
271,Jennifer,Simmons,Market1ng,HR_Coord!,2016-02-15,68926.0,Excellent,,Ind33d,43.0,Ret.Plan,2024-11-02,2022-12-03,12.0
272,Matthew,Fischer,S@les,Ops_Mng,2019-06-23,50348.1,Average,13.0,LinkdIn,25.2,Ret.Plan,2024-02-07,2023-11-03,24.0
273,Christine,Calderon,I.T.,Cust Support Rep,2019-09-07,87312.59999999999,Excellent,4.0,Refferal,18.700000000000003,Ret.Plan,2023-07-18,2023-04-21,4.0
274,Blake,Williams,Eng1neering,S0ftware_Eng,2015-07-17,84440.0,Poor,,Refferal,30.800000000000004,Paid_Off,2024-09-03,2023-04-25,12.0
275,Frank,White,I.T.,I.T. Specialist,2018-07-21,50528.6,Poor,22.0,Refferal,40.7,Ret.Plan,2023-01-14,2023-03-12,0.0
276,Tina,Burns,S@les,S@les_Manag3r,2020-10-23,112972.0,Good,19.0,Refferal,53.1,Paid_Off,2024-06-28,2023-11-10,12.0
277,Keith,Anderson,I.T.,Cust Support Rep,2023-07-30,48956.0,Good,,Company_Site,63.800000000000004,Paid_Off,2023-03-15,2023-09-24,0.0
278,Ralph,Pitts,Operati0ns,Market1ng Spec,2018-10-07,74209.0,Poor,,Company_Site,9.9,Paid_Off,2023-02-05,2022-06-24,12.0
279,Amy,Michael,Customer_Support,Ops_Mng,2018-10-22,115223.85,Good,21.0,LinkdIn,19.8,Paid_Off,2023-05-27,2022-10-09,18.0
280,Kelly,Flores,Market1ng,Market1ng Spec,2019-02-14,67963.95,Good,,Company_Site,40.7,Ret.Plan,2024-04-24,2023-02-26,5.0
281,Timothy,Graham,Customer_Support,Fin.Analyst,2016-11-27,66664.34999999999,Good,,Ind33d,42.900000000000006,Ret.Plan,2024-02-06,2022-05-10,20.0
282,John,Hawkins,Market1ng,Fin.Analyst,2018-06-08,82930.72499999999,Poor,6.0,Company_Site,35.2,HlthIns,2023-09-22,2023-03-06,4.0
283,Brandon,Mitchell,Customer_Support,HR_Coord!,2020-09-08,108541.65000000001,Poor,19.0,Company_Site,56.1,Ret.Plan,2023-03-15,2023-09-09,4.0
284,Hayden,Weaver,Customer_Support,I.T. Specialist,2018-06-16,47615.0,Poor,14.0,Refferal,5.0,Ret.Plan,2024-09-24,2022-06-30,16.0
285,Alexandra,Harris,Operati0ns,S0ftware_Eng,2020-02-11,113253.29999999999,Poor,1.0,Refferal,35.1,Gym Mem,2024-06-01,2022-08-14,10.0
286,Chad,Phillips,I.T.,Ops_Mng,2022-05-27,106166.29999999999,Poor,,LinkdIn,47.0,Gym Mem,2024-04-03,2022-10-13,5.0
287,Richard,Ramos,Market1ng,S0ftware_Eng,2023-11-12,96429.90000000001,Good,,Agen$y,56.0,HlthIns,2024-07-05,2022-08-28,10.0
288,Mark,Jacobs,Customer_Support,S@les_Manag3r,2022-11-06,67946.0,Average,,Refferal,42.300000000000004,Paid_Off,2024-06-06,2023-03-03,0.0
289,Robert,Herrera,I.T.,I.T. Specialist,2018-03-25,87975.7,Good,19.0,Company_Site,12.6,Gym Mem,2023-02-09,2021-12-26,24.0
290,Cory,Green,Eng1neering,Fin.Analyst,2015-01-29,46982.25,Excellent,26.0,Refferal,5.5,HlthIns,2024-06-06,2023-06-09,18.0
291,Regina,Hall,Eng1neering,Market1ng Spec,2020-05-21,120230.25,Excellent,10.0,Agen$y,27.0,Ret.Plan,2024-07-24,2022-06-15,0.0
292,Thomas,Wilson,Customer_Support,I.T. Specialist,2019-02-25,96372.75,Good,,Ind33d,43.2,Ret.Plan,2024-05-17,2023-02-16,0.0
293,Mary,Logan,S@les,Ops_Mng,2017-01-06,65068.5,Good,23.0,Refferal,32.0,Ret.Plan,2023-11-06,2022-09-24,16.0
294,Theresa,Garcia,I.T.,I.T. Specialist,2015-03-31,53813.55,Excellent,,Refferal,16.0,Ret.Plan,2024-04-03,2023-02-08,0.0
295,Matthew,Quinn,S@les,Ops_Mng,2017-10-11,38226.3,Average,0.0,Company_Site,28.8,Paid_Off,2023-01-31,2023-01-08,0.0
296,Timothy,Wright,S@les,I.T. Specialist,2022-01-24,57832.2,Good,1.0,LinkdIn,19.8,HlthIns,2024-05-30,2022-12-01,15.0
297,Holly,Mitchell,I.T.,Fin.Analyst,2023-07-24,74598.0,Good,1.0,Refferal,52.2,HlthIns,2023-05-29,2022-03-16,12.0
298,Ronald,Fitzgerald,Operati0ns,I.T. Specialist,2015-11-04,48590.6,Poor,,LinkdIn,25.3,Paid_Off,2024-06-14,2021-11-24,4.0
299,Kevin,Keller,S@les,S0ftware_Eng,2022-10-12,58310.700000000004,Poor,7.0,Refferal,46.0,Paid_Off,2024-02-26,2022-02-05,0.0
300,Jessica,Harmon,Customer_Support,I.T. Specialist,2015-04-28,30461.0,Poor,14.0,Ind33d,22.0,Paid_Off,2023-11-26,2022-08-26,8.0
301,Patricia,Robertson,Operati0ns,I.T. Specialist,2021-04-21,108229.7,Average,,Company_Site,4.5,HlthIns,2023-12-15,2022-05-25,0.0
302,Samantha,Trevino,Operati0ns,Market1ng Spec,2015-02-15,35097.0,Good,21.0,LinkdIn,37.800000000000004,Gym Mem,2023-01-12,2022-11-07,12.0
303,Courtney,Martinez,Operati0ns,Market1ng Spec,2018-09-02,86046.0,Average,,Refferal,12.100000000000001,HlthIns,2022-12-18,2022-10-28,8.0
304,Nicholas,Brewer,HR,S0ftware_Eng,2022-09-18,35491.05,Good,,Company_Site,7.2,HlthIns,2022-11-29,2022-11-30,15.0
305,Terri,Wilson,I.T.,I.T. Specialist,2018-06-03,83627.0,Excellent,21.0,Ind33d,14.0,Gym Mem,2024-06-07,2022-02-23,6.0
306,Danielle,Mclaughlin,HR,HR_Coord!,2023-03-16,105170.7,Poor,21.0,Ind33d,51.7,Paid_Off,2023-02-28,2022-11-17,12.0
307,Cameron,Howard,Operati0ns,I.T. Specialist,2021-04-20,81047.40000000001,Average,3.0,LinkdIn,14.4,Ret.Plan,2023-02-16,2023-10-13,10.0
308,Christopher,Leonard,I.T.,I.T. Specialist,2020-04-26,117645.0,Average,,Ind33d,38.7,Ret.Plan,2023-08-27,2022-03-24,12.0
309,Kara,Warner,Eng1neering,I.T. Specialist,2016-05-02,41208.15,Poor,,Agen$y,19.8,Paid_Off,2024-11-02,2021-11-30,16.0
310,Bruce,Guerrero,HR,I.T. Specialist,2017-12-12,88241.0,Average,24.0,Ind33d,24.200000000000003,Paid_Off,2024-08-27,2022-07-24,12.0
311,Alan,Walker,I.T.,I.T. Specialist,2018-08-01,119149.0,Poor,,Agen$y,38.5,Paid_Off,2023-07-06,2023-04-20,16.0
312,Phillip,Decker,I.T.,HR_Coord!,2020-03-12,42869.4,Poor,13.0,Ind33d,45.1,HlthIns,2024-07-10,2023-08-09,16.0
313,April,Allen,Eng1neering,Fin.Analyst,2023-11-05,105177.34999999999,Poor,,Company_Site,47.0,Gym Mem,2023-01-20,2022-02-06,24.0
314,Shane,Holmes,Operati0ns,Cust Support Rep,2017-06-08,65138.649999999994,Average,20.0,Company_Site,5.4,Ret.Plan,2023-09-01,2021-12-11,0.0
315,Tracy,Leonard,Eng1neering,Ops_Mng,2019-06-01,61383.0,Average,20.0,Company_Site,9.9,Paid_Off,2024-01-16,2022-07-03,4.0
316,Brenda,Hall,Customer_Support,Ops_Mng,2023-04-14,85350.0,Excellent,,Company_Site,28.8,Gym Mem,2024-11-08,2023-02-16,12.0
317,Erin,Fuller,S@les,S@les_Manag3r,2017-12-28,60484.0,Average,,Ind33d,43.0,Ret.Plan,2022-12-24,2023-09-21,20.0
318,Rodney,Mitchell,S@les,HR_Coord!,2020-07-16,36387.0,Excellent,,Refferal,53.0,HlthIns,2023-09-16,2022-07-18,18.0
319,Micheal,Jackson,S@les,HR_Coord!,2021-10-11,66745.09999999999,Good,,Company_Site,39.6,Gym Mem,2024-09-21,2023-06-10,15.0
320,Vanessa,Pacheco,Operati0ns,S@les_Manag3r,2020-07-21,91685.0,Poor,,Company_Site,44.0,HlthIns,2022-12-09,2022-02-20,12.0
321,Jose,Tran,Eng1neering,S0ftware_Eng,2021-08-30,101718.75,Average,21.0,Agen$y,55.00000000000001,Paid_Off,2024-01-30,2023-03-01,18.0
322,Kimberly,Murphy,Operati0ns,Cust Support Rep,2016-08-23,107259.0,Poor,,Company_Site,22.5,HlthIns,2023-09-06,2022-05-20,8.0
323,Ryan,Richards,Customer_Support,Fin.Analyst,2023-07-01,73186.09999999999,Good,5.0,Refferal,12.0,Ret.Plan,2024-01-02,2023-05-28,15.0
324,Michael,Johnson,Finance,I.T. Specialist,2016-06-22,78570.7,Good,,LinkdIn,29.0,HlthIns,2024-04-16,2023-09-15,12.0
325,Caleb,Anderson,Market1ng,Fin.Analyst,2020-02-19,79897.0,Average,,LinkdIn,7.2,HlthIns,2023-09-12,2022-10-07,6.0
326,Michelle,Foster,HR,HR_Coord!,2017-07-19,49236.0,Poor,,Company_Site,61.60000000000001,Ret.Plan,2024-09-01,2023-04-04,5.0
327,Jacqueline,Daugherty,Finance,S@les_Manag3r,2020-08-04,101914.05,Good,11.0,Company_Site,57.2,Ret.Plan,2024-10-17,2022-08-04,0.0
328,Rebecca,Dixon,I.T.,Fin.Analyst,2017-07-02,65290.0,Average,,Company_Site,18.0,HlthIns,2024-11-08,2023-07-31,16.0
329,Shannon,Jones,HR,Cust Support Rep,2018-10-06,117154.0,Excellent,14.0,Ind33d,10.0,Ret.Plan,2022-12-29,2022-09-14,24.0
330,Erica,Hubbard,HR,Fin.Analyst,2021-01-08,119032.20000000001,Poor,12.0,Ind33d,7.2,Ret.Plan,2024-07-22,2023-01-19,18.0
331,David,Harrington,HR,Fin.Analyst,2017-04-21,97793.85,Good,14.0,Ind33d,47.7,Paid_Off,2024-08-22,2023-11-09,20.0
332,Raymond,Hampton,Finance,S@les_Manag3r,2021-06-07,30959.55,Average,,Agen$y,38.7,Paid_Off,2023-03-05,2022-12-31,12.0
333,Jared,Hudson,HR,I.T. Specialist,2018-01-02,98607.15,Poor,,Ind33d,6.3,Gym Mem,2024-10-07,2022-10-15,20.0
334,Bobby,Dominguez,Finance,HR_Coord!,2016-01-27,61882.049999999996,Poor,27.0,Refferal,22.5,Gym Mem,2023-02-19,2022-01-28,24.0
335,Stacy,Lewis,HR,S@les_Manag3r,2020-05-26,55855.0,Average,,Company_Site,44.0,Paid_Off,2023-04-19,2023-10-13,16.0
336,Jason,Oconnor,Finance,S0ftware_Eng,2016-05-16,61238.899999999994,Poor,2.0,Refferal,26.400000000000002,Ret.Plan,2024-10-17,2022-12-07,0.0
337,Dustin,Cabrera,S@les,S@les_Manag3r,2018-10-04,76192.2,Excellent,,Company_Site,45.0,Ret.Plan,2024-07-18,2023-04-14,12.0
338,James,Wolf,Eng1neering,S@les_Manag3r,2018-06-20,49746.9,Excellent,,Company_Site,46.0,HlthIns,2024-01-14,2023-03-11,15.0
339,Nicholas,Gomez,I.T.,I.T. Specialist,2015-07-27,37065.0,Excellent,24.0,Ind33d,36.0,Paid_Off,2023-06-17,2022-05-11,12.0
340,Amy,Garza,S@les,HR_Coord!,2021-04-12,44301.0,Average,,Refferal,55.00000000000001,Ret.Plan,2023-05-22,2023-02-27,12.0
341,Edward,Fuller,Customer_Support,I.T. Specialist,2021-01-03,55466.0,Good,24.0,Company_Site,47.300000000000004,Ret.Plan,2023-09-09,2022-01-28,18.0
342,Vanessa,Lester,Finance,I.T. Specialist,2021-11-18,119710.5,Good,4.0,Ind33d,16.2,HlthIns,2022-11-25,2021-12-30,12.0
343,Tonya,Rodriguez,Finance,Market1ng Spec,2019-10-15,39950.4,Poor,,Company_Site,41.0,Paid_Off,2024-02-27,2023-07-25,12.0
344,Eddie,Flowers,S@les,Fin.Analyst,2019-11-13,110733.0,Good,,Ind33d,16.2,Ret.Plan,2022-12-26,2023-01-31,16.0
345,Richard,Fox,S@les,Market1ng Spec,2016-05-28,104539.0,Poor,,Company_Site,56.0,Ret.Plan,2024-06-06,2022-06-27,0.0
346,Erin,Howard,Finance,I.T. Specialist,2016-09-30,67602.95,Average,,Refferal,36.9,Paid_Off,2023-01-09,2022-12-08,8.0
347,Natalie,Bryant,I.T.,Cust Support Rep,2016-12-08,94160.0,Poor,,LinkdIn,5.0,Gym Mem,2022-11-26,2022-12-31,12.0
348,Tyler,Smith,I.T.,Cust Support Rep,2019-08-11,64152.9,Average,,Agen$y,37.400000000000006,Paid_Off,2023-06-15,2023-03-28,10.0
349,Sally,Robinson,Customer_Support,Fin.Analyst,2022-04-02,38720.1,Excellent,17.0,Company_Site,35.2,Gym Mem,2024-06-05,2021-11-19,24.0
350,Marcus,Delgado,S@les,I.T. Specialist,2018-02-04,31964.0,Poor,6.0,Company_Site,46.0,Paid_Off,2024-07-19,2022-03-04,5.0
351,Vernon,Guerrero,HR,I.T. Specialist,2022-10-26,62238.0,Poor,28.0,Ind33d,12.100000000000001,Paid_Off,2023-11-24,2022-01-26,18.0
352,Victor,Simpson,Eng1neering,I.T. Specialist,2021-07-03,88030.0,Excellent,11.0,Ind33d,5.0,Gym Mem,2024-10-04,2023-05-22,24.0
353,Elizabeth,Ashley,S@les,Cust Support Rep,2021-04-30,114088.8,Poor,22.0,Company_Site,36.0,Gym Mem,2023-02-10,2022-10-15,0.0
354,James,Castillo,Market1ng,Cust Support Rep,2017-11-24,67332.2,Poor,1.0,Company_Site,8.8,Ret.Plan,2023-07-19,2022-04-12,0.0
355,Chelsea,Edwards,Finance,Ops_Mng,2015-12-13,82387.8,Average,,Ind33d,19.8,Ret.Plan,2024-05-13,2022-08-19,0.0
356,Jeffery,Abbott,S@les,Ops_Mng,2023-07-19,86378.25,Good,12.0,Ind33d,22.5,Ret.Plan,2023-07-13,2023-03-22,0.0
357,Matthew,Green,Market1ng,S@les_Manag3r,2022-07-29,81807.6,Average,,Ind33d,49.5,Gym Mem,2023-03-05,2022-10-21,5.0
358,Sydney,Munoz,Market1ng,Ops_Mng,2018-07-24,94118.4,Poor,2.0,Ind33d,4.5,HlthIns,2024-01-15,2022-12-22,0.0
359,Rachel,Warner,I.T.,S0ftware_Eng,2022-08-26,104391.7,Average,27.0,Refferal,13.200000000000001,Gym Mem,2023-01-03,2023-10-04,4.0
360,Lisa,Underwood,Customer_Support,I.T. Specialist,2022-12-22,74911.3,Good,13.0,Ind33d,27.500000000000004,HlthIns,2023-08-18,2022-09-07,24.0
361,Austin,Floyd,Operati0ns,S@les_Manag3r,2017-12-18,41570.0,Good,,Ind33d,19.0,Paid_Off,2023-05-23,2022-02-02,8.0
362,Eddie,Cruz,Finance,S0ftware_Eng,2019-05-25,77702.1,Good,18.0,Refferal,15.3,Paid_Off,2023-07-19,2022-02-05,0.0
363,Jonathan,Brown,Customer_Support,S0ftware_Eng,2017-11-13,119891.1,Good,27.0,Company_Site,62.7,Gym Mem,2023-11-08,2023-05-02,8.0
364,Kristen,Johnson,HR,I.T. Specialist,2021-02-19,63102.0,Average,,Company_Site,40.0,Ret.Plan,2023-12-15,2022-07-05,0.0
365,Megan,Barber,Customer_Support,S@les_Manag3r,2023-02-03,65017.049999999996,Poor,13.0,Agen$y,54.0,Paid_Off,2023-01-19,2022-02-10,4.0
366,Brandi,Nixon,I.T.,S@les_Manag3r,2023-09-29,104155.8,Good,17.0,Company_Site,45.0,Ret.Plan,2023-07-07,2023-06-10,5.0
367,Jennifer,Cooper,HR,HR_Coord!,2021-07-29,59516.0,Excellent,6.0,Agen$y,45.0,HlthIns,2023-08-26,2023-08-29,0.0
368,Lindsay,Alexander,Operati0ns,I.T. Specialist,2017-08-18,38574.75,Average,20.0,Ind33d,36.300000000000004,HlthIns,2023-09-09,2022-02-01,0.0
369,Carl,Swanson,Operati0ns,S@les_Manag3r,2022-10-22,105152.65,Excellent,,Agen$y,18.700000000000003,Ret.Plan,2023-11-04,2023-02-12,12.0
370,Christopher,Barrett,HR,HR_Coord!,2023-10-25,78937.4,Excellent,30.0,Agen$y,7.700000000000001,Gym Mem,2023-09-26,2023-05-13,20.0
371,Misty,Green,Eng1neering,S@les_Manag3r,2018-01-01,34139.2,Good,,Agen$y,63.800000000000004,Ret.Plan,2023-01-12,2022-05-17,12.0
372,Benjamin,Powers,Operati0ns,I.T. Specialist,2023-06-03,97083.0,Good,,Refferal,23.1,Paid_Off,2023-04-28,2023-07-22,12.0
373,Jeffrey,Torres,S@les,HR_Coord!,2019-06-27,85763.625,Poor,16.0,Agen$y,114.4,Paid_Off,2024-03-03,2023-04-02,4.0
374,Billy,Kelly,HR,HR_Coord!,2023-07-25,122623.20000000001,Excellent,20.0,Ind33d,55.00000000000001,HlthIns,2024-07-16,2022-10-09,15.0
375,Alexis,Ryan,S@les,Fin.Analyst,2023-11-05,106352.5,Excellent,,Refferal,19.8,HlthIns,2023-11-27,2022-03-19,0.0
376,Megan,Oconnor,Market1ng,I.T. Specialist,2022-03-14,73538.55,Average,15.0,LinkdIn,27.0,Ret.Plan,2023-03-07,2022-05-26,12.0
377,Mark,Hernandez,S@les,S0ftware_Eng,2021-01-12,67815.3,Average,,Company_Site,31.0,Ret.Plan,2023-01-09,2023-07-17,0.0
378,Eugene,Johnson,Customer_Support,Market1ng Spec,2016-04-08,63148.0,Excellent,,Refferal,22.5,HlthIns,2023-03-12,2022-03-21,18.0
379,Eduardo,Burton,Eng1neering,Ops_Mng,2014-12-05,118829.0,Excellent,,Company_Site,31.900000000000002,Ret.Plan,2023-08-26,2023-04-17,20.0
380,Diana,Johnson,Finance,Fin.Analyst,2020-03-29,39335.0,Average,,Ind33d,13.0,Gym Mem,2024-01-06,2023-01-09,0.0
381,Tanya,Williams,I.T.,Ops_Mng,2021-03-22,61099.0,Poor,2.0,Ind33d,18.0,HlthIns,2024-03-18,2023-01-02,0.0
382,William,Perez,I.T.,Market1ng Spec,2023-04-21,53490.15,Poor,2.0,Company_Site,57.0,Paid_Off,2023-12-07,2021-11-30,0.0
383,Rachel,Valdez,Operati0ns,Ops_Mng,2019-07-15,91232.40000000001,Poor,19.0,LinkdIn,28.0,Paid_Off,2024-01-06,2022-02-16,0.0
384,Wayne,Jones,HR,Market1ng Spec,2021-02-25,47730.9,Poor,23.0,LinkdIn,64.9,Gym Mem,2023-08-03,2022-07-03,16.0
385,Audrey,Brown,Eng1neering,Cust Support Rep,2020-09-15,52616.0,Poor,15.0,LinkdIn,38.0,HlthIns,2024-03-19,2023-02-22,6.0
386,Erika,Stanton,Operati0ns,Cust Support Rep,2016-09-22,120740.55,Poor,,LinkdIn,51.300000000000004,Gym Mem,2024-05-03,2022-08-24,15.0
387,Linda,Henderson,Eng1neering,S0ftware_Eng,2020-09-05,117108.0,Excellent,,Agen$y,34.1,Gym Mem,2023-09-08,2022-05-25,6.0
388,Katherine,Stafford,Finance,HR_Coord!,2023-09-19,76880.0,Good,,LinkdIn,31.900000000000002,Gym Mem,2024-07-06,2022-08-26,0.0
389,Vicki,Robinson,S@les,Market1ng Spec,2015-11-19,77275.0,Excellent,13.0,Refferal,32.4,Ret.Plan,2024-05-15,2022-10-23,15.0
390,Julie,Graham,Operati0ns,Ops_Mng,2021-01-29,117097.0,Average,,Refferal,53.1,Gym Mem,2024-09-10,2023-01-27,0.0
391,Rebecca,Howard,Eng1neering,S@les_Manag3r,2020-05-30,70130.0,Excellent,,Agen$y,61.60000000000001,Ret.Plan,2023-10-26,2023-01-01,18.0
392,Jamie,Thompson,Market1ng,Market1ng Spec,2018-04-07,41697.0,Poor,,Company_Site,42.300000000000004,Ret.Plan,2023-07-29,2022-08-14,15.0
393,Amanda,Murphy,Operati0ns,S@les_Manag3r,2022-01-08,39649.05,Poor,9.0,LinkdIn,7.2,Paid_Off,2024-06-09,2022-09-25,5.0
394,Carmen,Hatfield,Customer_Support,HR_Coord!,2014-12-23,83531.59999999999,Good,2.0,Refferal,32.0,Ret.Plan,2022-12-16,2023-06-30,5.0
395,Margaret,Burgess,Market1ng,I.T. Specialist,2022-11-30,73558.8,Good,23.0,Agen$y,29.0,Gym Mem,2023-08-26,2023-01-22,10.0
396,Timothy,Reyes,I.T.,HR_Coord!,2022-03-28,61216.0,Excellent,0.0,Agen$y,53.1,Paid_Off,2024-11-02,2023-10-28,6.0
397,Kylie,Ortiz,HR,Ops_Mng,2019-03-18,64131.649999999994,Excellent,24.0,LinkdIn,45.1,Gym Mem,2023-07-27,2023-02-01,18.0
398,Paul,Baker,Customer_Support,HR_Coord!,2015-11-09,111658.05,Average,25.0,Ind33d,9.0,Ret.Plan,2023-11-28,2022-06-13,12.0
399,Brenda,Schmidt,Operati0ns,HR_Coord!,2018-12-15,117291.0,Excellent,7.0,Refferal,11.0,Paid_Off,2023-05-20,2022-11-28,0.0
400,Melissa,Fitzgerald,Market1ng,HR_Coord!,2020-02-21,82477.5,Excellent,19.0,Ind33d,31.5,Paid_Off,2023-01-14,2022-10-30,12.0
401,Lauren,Parks,Eng1neering,Cust Support Rep,2017-03-02,72512.55,Excellent,,LinkdIn,24.0,Gym Mem,2023-02-08,2023-08-03,16.0
402,Diane,Ford,Market1ng,HR_Coord!,2019-04-06,45665.549999999996,Average,27.0,LinkdIn,30.6,Paid_Off,2023-10-03,2023-05-11,12.0
403,Aaron,Williams,HR,Fin.Analyst,2021-11-11,74153.1,Poor,0.0,Agen$y,46.800000000000004,Ret.Plan,2024-02-14,2023-08-23,5.0
404,Hunter,Dorsey,I.T.,Market1ng Spec,2023-03-10,67123.2,Excellent,,Refferal,36.0,Paid_Off,2023-12-22,2023-04-27,20.0
405,William,Ortiz,I.T.,Market1ng Spec,2019-12-09,47461.049999999996,Excellent,27.0,Ind33d,35.0,Ret.Plan,2023-12-03,2022-05-22,20.0
406,Jonathan,Myers,I.T.,Cust Support Rep,2022-04-30,100440.90000000001,Poor,,Company_Site,101.2,HlthIns,2023-02-08,2022-06-06,0.0
407,Cameron,Smith,S@les,Market1ng Spec,2015-08-02,73853.85,Good,,Agen$y,55.00000000000001,HlthIns,2022-12-18,2022-03-18,0.0
408,Michelle,Taylor,Operati0ns,Ops_Mng,2022-08-03,75483.45,Average,,Agen$y,23.1,HlthIns,2023-08-08,2023-08-22,0.0
409,Sherri,Melton,I.T.,I.T. Specialist,2023-03-03,51976.399999999994,Good,,Agen$y,5.4,HlthIns,2024-10-07,2023-09-07,6.0
410,Kevin,Palmer,S@les,I.T. Specialist,2016-05-24,101415.34999999999,Average,14.0,Agen$y,30.800000000000004,Gym Mem,2023-03-30,2022-07-13,0.0
411,Ricky,Oconnor,Finance,Ops_Mng,2022-04-30,44726.95,Excellent,8.0,Agen$y,16.5,Paid_Off,2023-06-03,2021-12-05,12.0
412,Lisa,Hernandez,I.T.,Cust Support Rep,2022-07-12,67336.5,Excellent,,Refferal,30.0,Paid_Off,2023-11-07,2022-10-31,4.0
413,Bryan,Rivera,Customer_Support,Cust Support Rep,2022-10-16,45005.299999999996,Average,,Agen$y,9.9,HlthIns,2024-09-17,2023-06-17,16.0
414,Danielle,Larsen,Eng1neering,Cust Support Rep,2019-07-15,41520.15,Average,,Agen$y,6.0,Paid_Off,2024-10-11,2023-04-16,15.0
415,David,Hoover,HR,Cust Support Rep,2020-05-10,104155.8,Good,,Refferal,24.200000000000003,Gym Mem,2022-11-19,2023-03-27,20.0
416,Justin,Wright,Customer_Support,Market1ng Spec,2016-10-02,62279.0,Average,28.0,Ind33d,42.0,Ret.Plan,2024-03-06,2021-12-04,12.0
417,Maria,Johnson,Market1ng,Cust Support Rep,2021-04-03,92264.0,Excellent,26.0,Agen$y,38.0,Paid_Off,2023-05-10,2022-02-01,4.0
418,Brian,Drake,HR,S@les_Manag3r,2018-07-12,115461.15000000001,Good,,Agen$y,51.300000000000004,Gym Mem,2024-03-11,2023-05-05,8.0
419,Barry,Jackson,S@les,Fin.Analyst,2015-01-27,113024.1,Good,12.0,Company_Site,34.1,Ret.Plan,2024-05-15,2023-07-09,10.0
420,Robert,French,S@les,Market1ng Spec,2016-02-03,91743.4,Excellent,12.0,Refferal,53.0,HlthIns,2024-08-28,2022-04-01,18.0
421,Travis,Sutton,Finance,Market1ng Spec,2018-05-18,71827.0,Good,,Ind33d,44.1,Paid_Off,2024-04-01,2023-07-07,0.0
422,Michelle,Jackson,I.T.,Cust Support Rep,2022-11-06,112633.0,Excellent,,LinkdIn,31.5,HlthIns,2024-07-30,2023-10-14,8.0
423,Jennifer,Miller,Operati0ns,Market1ng Spec,2019-12-19,58005.0,Average,29.0,LinkdIn,29.0,Paid_Off,2024-06-14,2023-02-01,24.0
424,Emily,Pennington,Eng1neering,Fin.Analyst,2023-02-16,41650.85,Good,,Refferal,47.300000000000004,Paid_Off,2023-03-16,2022-12-26,8.0
425,Edward,Harper,Eng1neering,S@les_Manag3r,2023-04-01,32154.0,Good,7.0,Refferal,25.2,Paid_Off,2022-12-20,2021-12-13,12.0
426,Valerie,Oliver,HR,Ops_Mng,2015-08-31,72272.2,Good,26.0,Refferal,30.0,HlthIns,2024-05-12,2022-09-17,15.0
427,Robert,Ellis,Finance,I.T. Specialist,2020-03-05,70779.75,Good,,LinkdIn,50.4,Ret.Plan,2023-12-08,2022-10-25,0.0
428,Cheryl,Hernandez,Eng1neering,S@les_Manag3r,2017-11-22,96362.29999999999,Poor,8.0,Company_Site,18.900000000000002,Gym Mem,2024-11-17,2023-10-16,15.0
429,Paul,Guzman,S@les,Cust Support Rep,2019-06-11,32479.55,Poor,29.0,Agen$y,24.0,HlthIns,2023-03-19,2022-10-06,0.0
430,Brandon,King,HR,Fin.Analyst,2018-12-25,59881.35,Excellent,2.0,Agen$y,15.400000000000002,Gym Mem,2023-08-27,2021-11-27,0.0
431,Thomas,Shaffer,I.T.,I.T. Specialist,2019-03-15,113509.0,Average,1.0,Agen$y,22.5,Ret.Plan,2023-06-17,2023-01-06,5.0
432,Edward,Oconnor,Finance,Fin.Analyst,2015-10-19,42461.0,Poor,4.0,Company_Site,43.2,Gym Mem,2024-08-22,2022-01-07,5.0
433,Antonio,Johnson,I.T.,S@les_Manag3r,2022-05-19,84886.2,Excellent,,Refferal,19.8,Gym Mem,2023-11-07,2023-11-13,8.0
434,Christina,Randolph,S@les,S@les_Manag3r,2019-04-18,41849.85,Poor,,LinkdIn,50.6,Paid_Off,2024-09-16,2023-03-15,5.0
435,Crystal,Johnson,Finance,I.T. Specialist,2020-09-08,66427.2,Poor,18.0,Refferal,15.3,Paid_Off,2024-04-18,2023-04-27,16.0
436,Daniel,Davis,Eng1neering,S@les_Manag3r,2019-02-19,110084.0,Good,,LinkdIn,37.0,Paid_Off,2024-11-18,2023-04-09,10.0
437,Andrea,Carter,I.T.,Ops_Mng,2016-07-06,53900.700000000004,Excellent,,Ind33d,27.900000000000002,Gym Mem,2024-01-31,2023-10-06,6.0
438,Michael,Hernandez,I.T.,Market1ng Spec,2019-10-02,80875.4,Excellent,,Ind33d,44.0,HlthIns,2024-11-01,2022-09-10,0.0
439,Patrick,Young,HR,Fin.Analyst,2016-04-26,48990.549999999996,Excellent,30.0,Company_Site,18.0,Paid_Off,2023-03-25,2022-06-10,8.0
440,Kimberly,Kelly,Customer_Support,Fin.Analyst,2022-07-21,70511.0,Good,,Company_Site,30.800000000000004,Paid_Off,2023-10-07,2022-01-15,0.0
441,Tracy,Moss,Customer_Support,HR_Coord!,2022-05-14,122164.35,Poor,,Agen$y,46.800000000000004,HlthIns,2024-01-15,2021-12-05,6.0
442,Nicole,Sullivan,Operati0ns,Cust Support Rep,2016-03-05,114513.0,Excellent,,Ind33d,19.0,HlthIns,2024-11-03,2022-11-02,12.0
443,Chelsea,Nelson,I.T.,S@les_Manag3r,2015-07-03,91672.0,Poor,,Refferal,49.5,HlthIns,2024-01-08,2023-05-15,5.0
444,Tanner,Vasquez,Finance,S0ftware_Eng,2015-07-02,80773.35,Poor,,LinkdIn,48.6,HlthIns,2024-08-12,2023-05-12,0.0
445,Cynthia,Long,Customer_Support,Fin.Analyst,2018-06-03,104350.84999999999,Good,23.0,Company_Site,54.0,Paid_Off,2024-02-21,2021-11-21,12.0
446,Matthew,Collins,S@les,HR_Coord!,2023-06-17,76513.95,Poor,,Agen$y,42.0,Paid_Off,2023-11-28,2023-02-12,4.0
447,David,Lester,Market1ng,I.T. Specialist,2019-11-21,37278.0,Average,0.0,LinkdIn,47.300000000000004,HlthIns,2023-09-01,2023-07-19,15.0
448,Felicia,Pierce,Finance,S0ftware_Eng,2017-04-09,119728.0,Good,3.0,Company_Site,14.0,Paid_Off,2023-08-15,2023-08-13,6.0
449,Christy,Madden,I.T.,S@les_Manag3r,2016-12-12,36979.950000000004,Excellent,13.0,Company_Site,6.6000000000000005,Paid_Off,2023-06-22,2023-06-03,12.0
450,Kristina,Mejia,Finance,S0ftware_Eng,2015-11-18,33461.0,Average,,Agen$y,63.800000000000004,Ret.Plan,2023-04-22,2022-09-20,10.0
451,David,Duncan,Customer_Support,S@les_Manag3r,2016-02-25,78658.0,Good,,Agen$y,23.0,HlthIns,2024-10-22,2023-04-16,0.0
452,Rhonda,Baker,S@les,S0ftware_Eng,2022-03-10,39656.4,Poor,29.0,LinkdIn,53.0,Gym Mem,2023-12-16,2023-04-15,18.0
453,Lauren,Mcdaniel,Customer_Support,HR_Coord!,2016-02-17,55976.55,Average,30.0,Refferal,55.0,Ret.Plan,2024-08-12,2022-01-04,6.0
454,Sabrina,Bryant,Finance,I.T. Specialist,2022-08-29,87854.0,Excellent,,Company_Site,51.7,Ret.Plan,2024-08-26,2021-12-17,24.0
455,Monique,Griffith,HR,Ops_Mng,2022-04-16,118762.35,Poor,,Refferal,23.400000000000002,Gym Mem,2024-10-07,2022-07-29,20.0
456,Erin,Powell,S@les,Cust Support Rep,2016-02-11,88982.25,Good,4.0,Ind33d,19.0,Ret.Plan,2023-05-12,2023-03-03,18.0
457,Lisa,Crawford,Eng1neering,S@les_Manag3r,2019-11-29,57373.0,Poor,,Agen$y,16.0,Ret.Plan,2023-07-23,2022-08-24,10.0
458,April,Smith,Finance,Cust Support Rep,2014-12-12,119180.0,Good,0.0,Company_Site,7.0,HlthIns,2024-02-24,2023-03-04,12.0
459,Kristen,Singh,S@les,S0ftware_Eng,2022-08-22,68713.0,Excellent,,LinkdIn,58.0,Paid_Off,2023-07-12,2023-05-28,24.0
460,Jaime,Johnson,Operati0ns,Cust Support Rep,2019-11-28,66749.84999999999,Average,22.0,Company_Site,45.1,Gym Mem,2023-03-04,2023-06-05,8.0
461,Kimberly,Becker,I.T.,S@les_Manag3r,2021-09-05,59272.0,Poor,13.0,Refferal,52.800000000000004,Paid_Off,2024-05-27,2022-06-13,8.0
462,Sean,Perkins,Eng1neering,S@les_Manag3r,2019-04-18,96674.55,Poor,,Company_Site,18.0,HlthIns,2023-12-26,2023-10-29,8.0
463,Katherine,Parsons,Operati0ns,HR_Coord!,2021-02-04,66612.0,Average,1.0,Company_Site,27.0,HlthIns,2023-12-16,2022-12-28,0.0
464,Stanley,Roberts,Eng1neering,S0ftware_Eng,2023-04-06,30145.399999999998,Poor,20.0,Agen$y,52.2,Paid_Off,2024-04-21,2023-02-20,6.0
465,Kristine,Parks,S@les,Ops_Mng,2019-12-02,88414.0,Average,,Refferal,39.0,Ret.Plan,2023-02-10,2023-02-25,0.0
466,Charles,Clark,Market1ng,Ops_Mng,2022-10-03,51346.549999999996,Poor,8.0,Agen$y,28.0,Paid_Off,2024-09-22,2023-03-25,16.0
467,Bradley,Moreno,Customer_Support,HR_Coord!,2017-12-20,34546.0,Poor,12.0,Agen$y,18.900000000000002,HlthIns,2023-11-04,2022-03-11,16.0
468,Sarah,Peterson,Market1ng,I.T. Specialist,2015-10-05,81201.25,Average,3.0,Company_Site,33.0,Ret.Plan,2024-04-07,2023-03-26,24.0
469,Todd,Good,Market1ng,Market1ng Spec,2014-12-05,56853.0,Poor,11.0,Refferal,24.3,HlthIns,2024-01-31,2022-09-30,10.0
470,Rachel,Bonilla,Operati0ns,Market1ng Spec,2016-12-02,85525.65000000001,Average,9.0,Refferal,44.1,Paid_Off,2024-02-04,2023-10-27,8.0
471,Shirley,Clark,Market1ng,S0ftware_Eng,2022-06-06,85137.0,Poor,11.0,Ind33d,24.0,HlthIns,2024-04-20,2023-04-24,5.0
472,Elizabeth,Knight,Finance,HR_Coord!,2017-09-07,79587.0,Average,19.0,Refferal,30.6,Gym Mem,2023-01-22,2023-10-31,0.0
473,Ashley,Rivera,HR,Fin.Analyst,2016-11-26,90896.95,Good,25.0,Agen$y,48.400000000000006,Paid_Off,2023-11-17,2023-11-12,18.0
474,Jason,Schmitt,S@les,S0ftware_Eng,2019-05-06,63895.1,Poor,20.0,Refferal,16.0,Paid_Off,2023-04-21,2023-07-20,0.0
475,Clayton,Middleton,Eng1neering,Market1ng Spec,2023-05-28,69906.90000000001,Excellent,6.0,Agen$y,50.6,Paid_Off,2023-08-30,2023-01-20,15.0
476,Lori,Willis,Operati0ns,I.T. Specialist,2019-06-19,102287.45,Good,23.0,LinkdIn,20.0,HlthIns,2023-11-28,2023-01-31,5.0
477,Pamela,Cortez,Customer_Support,Ops_Mng,2017-12-13,90863.85,Average,,Ind33d,50.6,Gym Mem,2023-08-04,2022-10-27,24.0
478,Kimberly,Maldonado,I.T.,S0ftware_Eng,2015-07-31,92960.34999999999,Excellent,,Ind33d,21.0,Paid_Off,2023-09-12,2022-08-15,18.0
479,Holly,Gomez,I.T.,S0ftware_Eng,2020-01-17,52169.25,Good,17.0,Company_Site,45.0,Ret.Plan,2024-05-06,2022-09-20,8.0
480,Robert,Hendricks,Operati0ns,Ops_Mng,2016-12-01,94304.59999999999,Excellent,,Company_Site,22.0,HlthIns,2022-12-20,2023-09-16,18.0
481,Kevin,Lam,S@les,S0ftware_Eng,2018-03-10,121668.75,Good,10.0,Refferal,47.0,Ret.Plan,2024-10-18,2023-03-05,12.0
482,Daniel,Rivera,HR,S@les_Manag3r,2018-04-24,81659.55,Excellent,16.0,Company_Site,21.0,Gym Mem,2024-02-03,2022-03-23,0.0
483,Ronald,Burgess,Eng1neering,S@les_Manag3r,2021-09-15,42566.65,Average,,Ind33d,6.6000000000000005,Ret.Plan,2023-03-18,2021-12-16,0.0
484,Ashlee,Smith,Customer_Support,S0ftware_Eng,2016-12-19,60097.8,Average,,Company_Site,33.300000000000004,Gym Mem,2023-12-31,2022-10-05,24.0
485,Sandra,Velasquez,Operati0ns,Ops_Mng,2023-04-22,56622.0,Excellent,,Refferal,45.0,HlthIns,2023-01-17,2022-10-06,10.0
486,Shari,Cunningham,I.T.,HR_Coord!,2021-07-25,54279.0,Average,,Ind33d,47.7,Paid_Off,2023-11-20,2022-01-06,16.0
487,Robert,Farley,Customer_Support,Market1ng Spec,2019-03-19,61311.0,Good,15.0,Ind33d,12.0,Gym Mem,2024-04-05,2022-05-03,12.0
488,Cory,Cox,Market1ng,S0ftware_Eng,2022-10-22,97893.7,Good,26.0,Company_Site,51.300000000000004,Paid_Off,2023-09-21,2022-07-18,18.0
489,Kim,Garrett,Finance,Fin.Analyst,2018-02-11,48477.450000000004,Poor,0.0,Ind33d,19.8,Paid_Off,2023-07-06,2022-08-21,20.0
490,Jessica,Morris,Finance,S@les_Manag3r,2018-05-05,104915.15,Excellent,,Agen$y,60.50000000000001,Gym Mem,2024-03-25,2023-02-18,15.0
491,Anthony,Patton,Customer_Support,S0ftware_Eng,2016-01-18,157968.375,Average,27.0,Ind33d,38.0,Paid_Off,2024-10-02,2022-03-12,15.0
492,Sean,Burke,Operati0ns,Ops_Mng,2021-11-21,51337.049999999996,Excellent,8.0,Refferal,40.0,HlthIns,2024-08-18,2023-07-11,12.0
493,Gina,Archer,Eng1neering,Market1ng Spec,2018-06-29,81653.0,Poor,,Refferal,5.4,Paid_Off,2023-08-27,2022-11-16,18.0
494,Anthony,Smith,Operati0ns,S0ftware_Eng,2019-05-21,29664.699999999997,Good,,Agen$y,31.900000000000002,HlthIns,2024-08-11,2022-01-08,6.0
495,Samantha,Taylor,Eng1neering,S0ftware_Eng,2019-02-14,67377.8,Average,11.0,LinkdIn,27.0,Paid_Off,2023-02-11,2022-01-30,0.0
496,Suzanne,Williams,Operati0ns,Cust Support Rep,2020-10-14,36884.0,Excellent,3.0,Company_Site,31.5,Paid_Off,2022-12-31,2023-10-08,0.0
497,Jennifer,Martinez,HR,Cust Support Rep,2018-04-01,81302.55,Excellent,,Company_Site,57.2,Paid_Off,2024-11-06,2021-12-12,4.0
498,Christian,Noble,Finance,I.T. Specialist,2023-02-15,40353.15,Poor,17.0,Agen$y,21.0,HlthIns,2024-05-29,2023-03-07,18.0
499,Chad,Fry,S@les,S0ftware_Eng,2018-10-08,43496.25,Poor,,LinkdIn,13.200000000000001,Gym Mem,2024-02-11,2022-03-29,10.0
500,Michael,Castillo,HR,S0ftware_Eng,2018-02-11,48241.200000000004,Excellent,30.0,Refferal,24.3,Paid_Off,2024-01-01,2023-03-11,5.0
